Date,BABA,PDD,JD,BIDU,NTES,NIO,BILI,TME,EDU,YUMC,TCOM,ZTO,AMZN,TSLA,UL,JNJ
2020-04-01,187.55999755859375,35.900001525878906,40.90999984741211,97.68000030517578,64.13445281982422,2.6500000953674316,24.059999465942383,10.119999885559082,10.473999977111816,40.825767517089844,22.149999618530273,25.8156681060791,1907.699951171875,96.31199645996094,47.52696228027344,125.41842651367188
2020-04-02,188.89999389648438,36.279998779296875,40.08000183105469,99.58999633789062,65.66949462890625,2.390000104904175,24.420000076293945,11.010000228881836,10.791000366210938,41.83171844482422,22.360000610351562,26.825931549072266,1918.8299560546875,90.89399719238281,49.06351852416992,129.64414978027344
2020-04-03,187.11000061035156,36.900001525878906,39.88999938964844,97.19999694824219,64.45573425292969,2.4000000953674316,24.110000610351562,10.630000114440918,10.651000022888184,41.12456512451172,22.010000228881836,26.404170989990234,1906.5899658203125,96.00199890136719,48.12611770629883,130.63729858398438
2020-04-06,196.4499969482422,38.4900016784668,41.560001373291016,102.94000244140625,66.95462799072266,2.4700000286102295,25.559999465942383,10.59000015258789,11.100000381469727,43.495025634765625,23.450000762939453,27.22807502746582,1997.5899658203125,103.24800109863281,49.53704833984375,136.08010864257812
2020-04-07,198.0,40.630001068115234,41.9900016784668,101.79000091552734,64.846435546875,2.700000047683716,26.489999771118164,10.729999542236328,11.531000137329102,43.176307678222656,24.43000030517578,27.23798942565918,2011.5999755859375,109.08999633789062,48.812255859375,133.86013793945312
2020-04-08,195.97999572753906,39.709999084472656,41.16999816894531,97.33000183105469,64.51920318603516,2.740000009536743,26.200000762939453,10.989999771118164,11.253999710083008,44.6702995300293,24.510000228881836,27.30739974975586,2043.0,109.76799774169922,49.53704833984375,139.48794555664062
2020-04-09,196.3699951171875,41.040000915527344,42.15999984741211,99.0,64.92180633544922,2.6700000762939453,26.829999923706055,10.970000267028809,11.574000358581543,45.29777908325195,24.81999969482422,26.900861740112305,2042.760009765625,114.5999984741211,49.991249084472656,137.51141357421875
2020-04-13,199.44000244140625,41.41999816894531,42.779998779296875,98.37000274658203,67.14105987548828,2.9700000286102295,26.209999084472656,10.899999618530273,11.708999633789062,45.56669616699219,24.049999237060547,26.970272064208984,2168.8701171875,130.19000244140625,49.913936614990234,136.08985900878906
2020-04-14,204.77999877929688,43.029998779296875,43.86000061035156,100.91999816894531,67.79949951171875,3.009999990463257,27.479999542236328,11.119999885559082,11.831000328063965,45.80573654174805,23.860000610351562,26.8612003326416,2283.320068359375,141.97799682617188,51.498817443847656,142.1850128173828
2020-04-15,208.1699981689453,43.88999938964844,44.599998474121094,100.87000274658203,69.37816619873047,3.200000047683716,28.100000381469727,10.829999923706055,11.515000343322754,44.491024017333984,23.469999313354492,26.335676193237305,2307.679931640625,145.96600341796875,50.26183319091797,143.77210998535156
2020-04-16,212.66000366210938,45.119998931884766,47.5,102.81999969482422,71.83543395996094,3.25,28.780000686645508,10.819999694824219,11.053999900817871,43.39543151855469,23.239999771118164,28.774900436401367,2408.18994140625,149.04200744628906,50.52275848388672,145.72918701171875
2020-04-17,209.5,44.459999084472656,46.150001525878906,105.0,69.14414978027344,3.2100000381469727,29.0,10.890000343322754,11.248000144958496,45.18821716308594,23.850000381469727,28.546842575073242,2375.0,150.7779998779297,51.11225509643555,148.01730346679688
2020-04-20,212.1300048828125,50.11000061035156,45.20000076293945,104.68000030517578,69.18182373046875,3.190000057220459,29.68000030517578,11.1899995803833,10.937000274658203,45.02885818481445,23.65999984741211,28.308868408203125,2393.610107421875,149.27200317382812,51.78873062133789,147.67652893066406
2020-04-21,207.33999633789062,50.939998626708984,43.2400016784668,101.41000366210938,68.3032455444336,3.0199999809265137,28.56999969482422,10.960000038146973,11.312999725341797,44.261940002441406,23.25,27.664358139038086,2328.1201171875,137.343994140625,50.98662567138672,145.73892211914062
2020-04-22,209.9600067138672,52.150001525878906,44.9900016784668,101.75,69.15010070800781,3.0899999141693115,30.200000762939453,11.119999885559082,11.378000259399414,45.477054595947266,23.0,28.72532081604004,2363.489990234375,146.4219970703125,51.16057586669922,148.96176147460938
2020-04-23,205.24000549316406,49.16999816894531,44.939998626708984,99.8499984741211,67.9978256225586,3.059999942779541,28.010000228881836,10.9399995803833,11.069000244140625,45.496978759765625,23.700000762939453,28.546842575073242,2399.449951171875,141.12600708007812,49.79796600341797,151.41542053222656
2020-04-24,204.36000061035156,49.56999969482422,45.04999923706055,100.94999694824219,69.20562744140625,2.940000057220459,27.739999771118164,10.75,11.015000343322754,43.77390670776367,23.780000686645508,28.64599609375,2410.219970703125,145.02999877929688,49.846290588378906,150.78253173828125
2020-04-27,203.69000244140625,51.189998626708984,45.58000183105469,100.55999755859375,71.24639129638672,3.240000009536743,27.709999084472656,11.029999732971191,12.003999710083008,45.745975494384766,24.440000534057617,28.983125686645508,2376.0,159.75,49.77864456176758,150.2275390625
2020-04-28,201.14999389648438,48.060001373291016,43.58000183105469,97.12999725341797,70.08222198486328,3.3399999141693115,26.959999084472656,10.869999885559082,12.029000282287598,45.716094970703125,24.469999313354492,28.923633575439453,2314.080078125,153.82400512695312,49.256797790527344,147.40390014648438
2020-04-29,206.6999969482422,48.86000061035156,44.34000015258789,99.66999816894531,70.08422088623047,3.609999895095825,27.760000228881836,11.25,12.717000007629395,49.71002960205078,25.90999984741211,29.310338973999023,2372.7099609375,160.1020050048828,49.89460754394531,146.2841796875
2020-04-30,202.6699981689453,47.439998626708984,43.099998474121094,100.93000030517578,68.41429901123047,3.4100000858306885,27.389999389648438,11.40999984741211,12.765999794006348,48.26583480834961,25.760000228881836,29.508649826049805,2474.0,156.37600708007812,50.12653732299805,146.0894317626953
2020-05-01,194.47999572753906,45.43000030517578,41.380001068115234,96.0199966430664,64.5231704711914,3.180000066757202,25.139999389648438,10.720000267028809,12.01099967956543,46.22405242919922,24.15999984741211,28.17005157470703,2286.0400390625,140.26400756835938,49.76898193359375,144.38552856445312
2020-05-04,191.14999389648438,46.369998931884766,42.25,94.76000213623047,65.36407470703125,3.3399999141693115,26.530000686645508,10.670000076293945,11.835000038146973,45.44717788696289,24.040000915527344,27.347061157226562,2315.989990234375,152.23800659179688,49.24713134765625,144.36605834960938
2020-05-05,195.02000427246094,48.720001220703125,43.119998931884766,95.7699966430664,67.27790832519531,3.2799999713897705,27.510000228881836,10.5600004196167,12.324999809265137,45.81569290161133,24.239999771118164,28.328699111938477,2317.800048828125,153.64199829101562,48.90888977050781,145.56365966796875
2020-05-06,195.1699981689453,49.20000076293945,43.29999923706055,97.08000183105469,67.8272705078125,3.619999885559082,27.979999542236328,10.550000190734863,12.305000305175781,47.03080749511719,24.260000228881836,28.675745010375977,2351.260009765625,156.51600646972656,48.10679244995117,144.18104553222656
2020-05-07,196.49000549316406,50.04999923706055,44.7599983215332,98.18000030517578,68.88235473632812,3.630000114440918,28.649999618530273,10.430000305175781,12.371999740600586,46.93120574951172,24.809999465942383,29.637550354003906,2367.610107421875,156.00799560546875,48.85091018676758,143.70394897460938
2020-05-08,201.19000244140625,54.599998474121094,46.779998779296875,99.7699966430664,71.35151672363281,3.7699999809265137,29.0,11.029999732971191,12.765000343322754,48.35547637939453,25.1200008392334,30.88690948486328,2379.610107421875,163.88400268554688,50.136207580566406,144.78472900390625
2020-05-11,205.39999389648438,54.939998626708984,46.720001220703125,99.55000305175781,70.62564086914062,3.740000009536743,28.68000030517578,11.40999984741211,12.529999732971191,48.72399139404297,24.610000610351562,32.17593002319336,2409.0,162.25799560546875,50.44545364379883,145.18392944335938
2020-05-12,200.30999755859375,57.83000183105469,47.029998779296875,97.47000122070312,71.52603912353516,3.619999885559082,29.239999771118164,11.609999656677246,12.515999794006348,48.77379608154297,24.110000610351562,31.977619171142578,2356.949951171875,161.8820037841797,50.136207580566406,143.2657928466797
2020-05-13,199.4600067138672,59.83000183105469,47.810001373291016,95.48999786376953,73.57275390625,3.440000057220459,30.68000030517578,11.6899995803833,12.065999984741211,48.5745964050293,23.329999923706055,32.47339630126953,2367.919921875,158.19200134277344,50.03956604003906,143.2560577392578
2020-05-14,201.3000030517578,60.84000015258789,48.959999084472656,96.0199966430664,73.7829818725586,3.450000047683716,31.030000686645508,11.890000343322754,11.991999626159668,48.614437103271484,23.65999984741211,32.820438385009766,2388.85009765625,160.66600036621094,49.703277587890625,143.75262451171875
2020-05-15,203.67999267578125,61.29999923706055,50.849998474121094,99.86000061035156,74.25498962402344,3.369999885559082,30.8799991607666,11.960000038146973,11.758000373840332,46.961090087890625,24.0,33.048500061035156,2409.780029296875,159.83399963378906,49.917724609375,146.47891235351562
2020-05-18,215.27999877929688,66.45999908447266,55.529998779296875,107.58999633789062,75.73648071289062,3.609999895095825,33.65999984741211,12.390000343322754,12.269000053405762,46.373451232910156,25.530000686645508,34.0797119140625,2426.260009765625,162.7259979248047,51.12643051147461,146.5568084716797
2020-05-19,217.1999969482422,63.09000015258789,54.2599983215332,109.75,78.47534942626953,3.690000057220459,35.220001220703125,12.550000190734863,12.64799976348877,48.5546760559082,25.799999237060547,34.34743118286133,2449.330078125,161.6020050048828,49.39134979248047,145.09628295898438
2020-05-20,216.7899932861328,60.900001525878906,54.310001373291016,108.5199966430664,77.40837097167969,3.4800000190734863,32.70000076293945,12.199999809265137,12.055999755859375,49.2817497253418,25.719999313354492,33.99047088623047,2497.93994140625,163.11199951171875,50.13216781616211,143.79156494140625
2020-05-21,212.16000366210938,60.0,52.56999969482422,110.02999877929688,79.67919158935547,3.3299999237060547,33.93000030517578,12.140000343322754,11.734999656677246,47.3296012878418,24.979999542236328,32.17593002319336,2446.739990234375,165.52000427246094,49.55706024169922,142.84713745117188
2020-05-22,199.6999969482422,68.69999694824219,49.900001525878906,103.31999969482422,73.82659912109375,3.2699999809265137,33.040000915527344,11.949999809265137,11.343999862670898,43.4551887512207,23.799999237060547,30.430795669555664,2436.8798828125,163.37600708007812,49.488826751708984,141.54315185546875
2020-05-26,201.72000122070312,64.88999938964844,52.599998474121094,108.36000061035156,76.62100982666016,3.819999933242798,33.130001068115234,11.949999809265137,11.699999809265137,44.909339904785156,26.040000915527344,31.88838005065918,2421.860107421875,163.7740020751953,49.7910041809082,141.72943115234375
2020-05-27,201.17999267578125,60.31999969482422,52.15999984741211,108.22000122070312,74.78849029541016,4.170000076293945,32.29999923706055,12.229999542236328,11.536999702453613,44.909339904785156,25.829999923706055,30.04408836364746,2410.389892578125,164.04600524902344,50.92173385620117,142.052978515625
2020-05-28,199.49000549316406,60.36000061035156,51.02000045776367,106.31999969482422,72.63665771484375,3.8299999237060547,30.739999771118164,12.229999542236328,11.508999824523926,44.202186584472656,25.34000015258789,30.896825790405273,2401.10009765625,161.16200256347656,52.25716018676758,144.0922393798828
2020-05-29,207.38999938964844,66.87000274658203,54.33000183105469,106.55000305175781,75.93877410888672,3.9800000190734863,32.43000030517578,12.920000076293945,11.996000289916992,46.15433120727539,26.56999969482422,32.3444938659668,2442.3701171875,167.0,52.68605041503906,145.83740234375
2020-06-01,206.57000732421875,65.76000213623047,54.72999954223633,107.0999984741211,78.85216522216797,4.260000228881836,33.060001373291016,12.600000381469727,12.199999809265137,46.78180694580078,25.899999618530273,32.54280471801758,2471.0400390625,179.6199951171875,53.01747512817383,144.3079376220703
2020-06-02,214.3300018310547,67.30000305175781,55.619998931884766,107.2300033569336,81.045654296875,4.699999809265137,34.189998626708984,13.010000228881836,12.748000144958496,47.339561462402344,26.649999618530273,33.2567253112793,2472.409912109375,176.31199645996094,53.27091598510742,145.34719848632812
2020-06-03,218.61000061035156,68.1500015258789,56.72999954223633,112.44999694824219,82.22171783447266,5.599999904632568,34.150001525878906,12.899999618530273,12.892999649047852,48.803672790527344,27.950000762939453,34.208614349365234,2478.39990234375,176.5919952392578,54.28466796875,145.73934936523438
2020-06-04,218.0399932861328,66.2699966430664,56.52000045776367,109.05999755859375,80.3237533569336,5.96999979019165,33.560001373291016,12.550000190734863,12.845000267028809,49.411231994628906,28.100000381469727,32.83035659790039,2460.60009765625,172.87600708007812,54.31391143798828,143.85694885253906
2020-06-05,219.5500030517578,69.69999694824219,59.040000915527344,114.4000015258789,84.36164855957031,5.590000152587891,34.5,12.260000228881836,13.057999610900879,49.520790100097656,29.079999923706055,34.26811218261719,2483.0,177.1320037841797,54.830535888671875,144.41578674316406
2020-06-08,219.0,68.30999755859375,59.16999816894531,117.02999877929688,81.1408462524414,5.96999979019165,34.959999084472656,12.390000343322754,13.25,51.28369903564453,29.520000457763672,34.15903854370117,2524.06005859375,189.98399353027344,55.10347366333008,143.89617919921875
2020-06-09,220.72000122070312,69.37999725341797,58.81999969482422,115.83000183105469,81.22216796875,6.679999828338623,33.869998931884766,12.350000381469727,12.87600040435791,50.735897064208984,29.020000457763672,33.79216384887695,2600.860107421875,188.13400268554688,54.196937561035156,143.10203552246094
2020-06-10,223.67999267578125,72.80000305175781,60.70000076293945,116.80999755859375,84.28430938720703,6.300000190734863,35.47999954223633,12.510000228881836,13.184000015258789,50.00882339477539,28.020000457763672,34.93244934082031,2647.449951171875,205.00999450683594,54.93776321411133,144.906005859375
2020-06-11,215.24000549316406,71.51000213623047,57.2400016784668,111.83000183105469,81.82231903076172,5.909999847412109,33.900001525878906,12.399999618530273,12.777999877929688,48.53475570678711,26.540000915527344,34.19870376586914,2557.9599609375,194.5679931640625,53.32939910888672,138.1116943359375
2020-06-12,217.63999938964844,73.11000061035156,57.9900016784668,116.2699966430664,81.43253326416016,6.099999904632568,35.869998931884766,12.300000190734863,12.838000297546387,49.05267333984375,27.139999389648438,34.59532165527344,2545.02001953125,187.05599975585938,53.36838912963867,139.36663818359375
2020-06-15,217.02999877929688,77.66999816894531,59.5099983215332,116.81999969482422,82.17232513427734,6.829999923706055,38.209999084472656,12.75,12.696000099182129,47.339561462402344,26.829999923706055,36.4296989440918,2572.679931640625,198.17999267578125,53.63157653808594,138.4842529296875
2020-06-16,222.6199951171875,78.0,60.97999954223633,122.77999877929688,82.06493377685547,6.989999771118164,39.34000015258789,12.640000343322754,12.38599967956543,47.08060836791992,25.969999313354492,35.89426040649414,2615.27001953125,196.42599487304688,54.869529724121094,141.63140869140625
2020-06-17,224.25,82.80000305175781,62.0099983215332,122.02999877929688,81.01292419433594,6.840000152587891,41.11000061035156,12.489999771118164,13.093000411987305,50.47694396972656,25.950000762939453,36.98496627807617,2640.97998046875,198.35800170898438,55.59085464477539,141.20001220703125
2020-06-18,223.5399932861328,82.41999816894531,60.790000915527344,123.45999908447266,81.39674377441406,7.179999828338623,42.61000061035156,12.850000381469727,12.98900032043457,50.188106536865234,26.09000015258789,36.806488037109375,2653.97998046875,200.79200744628906,55.4153938293457,140.6019744873047
2020-06-19,220.63999938964844,87.58000183105469,58.63999938964844,123.08000183105469,82.17431640625,7.340000152587891,44.720001220703125,13.579999923706055,13.6899995803833,51.10441970825195,26.0,38.31364822387695,2675.010009765625,200.17999267578125,55.92227554321289,141.0137481689453
2020-06-22,221.41000366210938,81.79000091552734,59.09000015258789,123.08000183105469,83.16666412353516,7.429999828338623,42.88999938964844,13.619999885559082,13.33899974822998,50.755821228027344,26.290000915527344,36.96513366699219,2713.820068359375,198.86399841308594,55.75656509399414,140.5823516845703
2020-06-23,228.75,83.63999938964844,59.91999816894531,123.33000183105469,86.52156829833984,7.230000019073486,44.63999938964844,13.630000114440918,13.48799991607666,50.606422424316406,26.670000076293945,37.13370132446289,2764.409912109375,200.3560028076172,55.76630783081055,140.06272888183594
2020-06-24,226.22000122070312,84.5,59.84000015258789,121.37000274658203,86.99686431884766,6.860000133514404,44.029998779296875,13.510000228881836,13.211000442504883,49.50086975097656,25.809999465942383,37.064292907714844,2734.39990234375,192.1699981689453,54.879276275634766,137.08224487304688
2020-06-25,222.16000366210938,86.0,60.5099983215332,123.7300033569336,86.71845245361328,7.079999923706055,44.56999969482422,13.600000381469727,13.29800033569336,49.62038803100586,26.15999984741211,36.74699401855469,2754.580078125,197.1959991455078,55.093727111816406,136.9351806640625
2020-06-26,215.7100067138672,85.16000366210938,59.650001525878906,121.80000305175781,87.11419677734375,6.900000095367432,44.52000045776367,13.25,13.350000381469727,49.461029052734375,26.010000228881836,36.61809158325195,2692.8701171875,191.947998046875,54.72331237792969,135.1116180419922
2020-06-29,215.02000427246094,87.47000122070312,59.58000183105469,121.29000091552734,86.03832244873047,7.230000019073486,45.5,13.25,13.118000030517578,48.77379608154297,26.079999923706055,36.78665542602539,2680.3798828125,201.8699951171875,53.87527084350586,136.31752014160156
2020-06-30,215.6999969482422,85.83999633789062,60.18000030517578,119.88999938964844,85.39002227783203,7.71999979019165,46.31999969482422,13.460000038146973,13.02299976348877,47.87739944458008,25.920000076293945,36.39994812011719,2758.820068359375,215.96200561523438,53.49510955810547,137.87640380859375
2020-07-01,215.9499969482422,85.44999694824219,60.0,120.62999725341797,85.0638656616211,7.909999847412109,47.150001525878906,13.350000381469727,13.095000267028809,47.479000091552734,25.639999389648438,36.6875,2878.699951171875,223.92599487304688,53.68031692504883,137.6313018798828
2020-07-02,223.60000610351562,93.0,61.38999938964844,123.30000305175781,85.69428253173828,9.380000114440918,48.18000030517578,14.149999618530273,13.557000160217285,49.24190902709961,26.559999465942383,37.2130241394043,2890.300048828125,241.73199462890625,54.26517105102539,138.20973205566406
2020-07-06,240.0,87.0,63.2400016784668,132.92999267578125,87.50994873046875,11.510000228881836,44.13999938964844,15.729999542236328,14.383999824523926,50.23789978027344,28.079999923706055,36.033077239990234,3057.0400390625,274.3160095214844,53.65107345581055,140.1803741455078
2020-07-07,236.50999450683594,91.0,61.66999816894531,127.83000183105469,88.35514068603516,13.220000267028809,46.22999954223633,16.420000076293945,13.763999938964844,50.37734603881836,27.040000915527344,37.19319152832031,3000.1201171875,277.97198486328125,53.21242904663086,140.05291748046875
2020-07-08,257.67999267578125,92.30999755859375,65.37999725341797,130.63999938964844,90.39751434326172,12.880000114440918,46.66999816894531,16.84000015258789,14.157999992370605,50.90522003173828,27.190000534057617,36.558597564697266,3081.110107421875,273.1759948730469,53.21242904663086,140.46470642089844
2020-07-09,261.5799865722656,90.25,67.36000061035156,132.52999877929688,96.10502624511719,14.569999694824219,48.22999954223633,17.5,14.814000129699707,51.273738861083984,26.899999618530273,37.5600700378418,3182.6298828125,278.8559875488281,52.35463333129883,139.69996643066406
2020-07-10,261.010009765625,87.30000305175781,65.61000061035156,132.3300018310547,96.34366607666016,14.979999542236328,47.54999923706055,17.09000015258789,14.83899974822998,51.18409729003906,26.799999237060547,36.806488037109375,3200.0,308.92999267578125,52.84201431274414,139.5823211669922
2020-07-13,251.6699981689453,88.27999877929688,62.29999923706055,127.83999633789062,94.8581314086914,13.84000015258789,45.310001373291016,16.31999969482422,14.430000305175781,50.50682067871094,26.84000015258789,36.6875,3104.0,299.4119873046875,53.37813949584961,142.36672973632812
2020-07-14,248.5800018310547,87.33000183105469,62.130001068115234,125.48999786376953,94.67118835449219,14.09000015258789,43.97999954223633,16.360000610351562,14.104000091552734,50.357425689697266,26.100000381469727,36.27104949951172,3084.0,303.3599853515625,53.61207962036133,145.02365112304688
2020-07-15,249.2100067138672,85.30000305175781,62.54999923706055,125.05000305175781,93.90753173828125,13.520000457763672,43.220001220703125,16.219999313354492,14.444000244140625,52.26972961425781,28.020000457763672,35.95375061035156,3008.8701171875,309.2019958496094,53.82653045654297,145.35699462890625
2020-07-16,242.5,83.55000305175781,61.709999084472656,123.43000030517578,89.49066925048828,12.9399995803833,42.540000915527344,15.84000015258789,14.47599983215332,51.56257629394531,26.90999984741211,36.05290603637695,2999.89990234375,300.12799072265625,53.768043518066406,146.32760620117188
2020-07-17,247.13999938964844,82.47000122070312,62.130001068115234,122.7699966430664,90.93645477294922,11.09000015258789,41.900001525878906,15.680000305175781,14.253000259399414,52.33945083618164,27.079999923706055,35.86450958251953,2961.969970703125,300.1679992675781,54.29441452026367,146.4256591796875
2020-07-20,254.80999755859375,84.83000183105469,63.400001525878906,124.3499984741211,93.64503479003906,12.819999694824219,42.380001068115234,15.979999542236328,14.663000106811523,52.94700241088867,26.920000076293945,36.18180847167969,3196.840087890625,328.6000061035156,53.87527084350586,146.6707763671875
2020-07-21,257.8999938964844,82.58000183105469,62.61000061035156,125.22000122070312,93.83793640136719,12.880000114440918,44.15999984741211,16.3700008392334,14.6899995803833,53.365325927734375,27.520000457763672,36.17189407348633,3138.2900390625,313.6719970703125,54.15795135498047,146.8080291748047
2020-07-22,251.6999969482422,80.76000213623047,61.84000015258789,122.75,92.49557495117188,12.380000114440918,42.310001373291016,16.1299991607666,14.458000183105469,53.11632537841797,27.280000686645508,35.35881805419922,3099.909912109375,318.46600341796875,54.44063186645508,147.07272338867188
2020-07-23,251.8800048828125,79.05000305175781,60.52000045776367,121.0999984741211,90.56854248046875,12.149999618530273,41.0,15.739999771118164,13.79699993133545,52.29961013793945,26.829999923706055,34.63498306274414,2986.550048828125,302.614013671875,58.16423034667969,146.68055725097656
2020-07-24,249.0,78.94999694824219,60.880001068115234,119.0199966430664,89.1585693359375,11.819999694824219,40.099998474121094,15.619999885559082,13.805000305175781,52.4290885925293,27.100000381469727,34.58540725708008,3008.909912109375,283.3999938964844,58.63212585449219,145.21974182128906
2020-07-27,250.86000061035156,83.44000244140625,62.779998779296875,115.86000061035156,89.87052154541016,11.6899995803833,41.31999969482422,16.030000686645508,13.975000381469727,53.02668762207031,27.850000381469727,35.309242248535156,3055.2099609375,307.9200134277344,59.49966049194336,144.29812622070312
2020-07-28,249.0500030517578,83.7699966430664,61.4900016784668,115.69000244140625,89.54635620117188,12.270000457763672,40.86000061035156,15.770000457763672,13.548999786376953,52.38924789428711,27.719999313354492,34.853126525878906,3000.330078125,295.2980041503906,59.68486785888672,143.9550018310547
2020-07-29,252.4499969482422,84.02999877929688,62.59000015258789,119.81999969482422,89.96796417236328,12.699999809265137,41.77000045776367,15.739999771118164,13.52400016784668,53.53464126586914,27.950000762939453,36.06282043457031,3033.530029296875,299.8219909667969,60.688873291015625,143.67066955566406
2020-07-30,252.74000549316406,84.94000244140625,62.290000915527344,118.0,89.73329162597656,12.199999809265137,41.29999923706055,15.819999694824219,13.819000244140625,50.546661376953125,27.459999084472656,36.251216888427734,3051.8798828125,297.49798583984375,59.88956832885742,143.96481323242188
2020-07-31,251.02000427246094,91.80000305175781,63.790000915527344,119.4000015258789,91.16514587402344,11.9399995803833,43.58000183105469,16.139999389648438,14.020000457763672,51.03470230102539,27.200000762939453,36.73707962036133,3164.679931640625,286.1520080566406,58.953792572021484,142.90594482421875
2020-08-03,257.94000244140625,96.02999877929688,64.52999877929688,120.55000305175781,93.26718139648438,13.600000381469727,46.029998779296875,15.84000015258789,14.312999725341797,52.01077651977539,27.889999389648438,36.98496627807617,3111.889892578125,297.0,59.70436096191406,144.46482849121094
2020-08-04,262.20001220703125,94.0199966430664,64.56999969482422,126.66999816894531,95.41297149658203,13.640000343322754,45.189998626708984,16.049999237060547,14.494000434875488,52.4290885925293,27.780000686645508,37.024627685546875,3138.830078125,297.3999938964844,60.191749572753906,144.3373565673828
2020-08-05,264.9100036621094,97.45999908447266,65.5199966430664,125.8499984741211,95.62178039550781,13.920000076293945,45.52000045776367,16.5,14.807999610900879,52.97688674926758,28.030000686645508,36.6875,3205.030029296875,297.0039978027344,59.63612747192383,145.4942626953125
2020-08-06,265.67999267578125,91.62000274658203,64.91000366210938,125.58000183105469,95.86042022705078,13.84000015258789,44.439998626708984,16.56999969482422,14.760000228881836,54.04259490966797,27.989999771118164,37.2130241394043,3225.0,297.9159851074219,59.35028076171875,144.66090393066406
2020-08-07,252.10000610351562,88.19999694824219,62.060001373291016,125.0,92.77200317382812,13.420000076293945,41.61000061035156,16.020000457763672,14.086999893188477,53.13624572753906,27.81999969482422,36.033077239990234,3167.4599609375,290.5419921875,58.63320541381836,145.69033813476562
2020-08-10,248.1300048828125,87.52999877929688,61.4900016784668,125.05999755859375,90.75945281982422,14.210000038146973,41.0,15.6899995803833,13.942000389099121,52.6980094909668,28.399999618530273,35.695945739746094,3148.159912109375,283.7139892578125,58.51533126831055,145.13150024414062
2020-08-11,248.4199981689453,87.2699966430664,61.18000030517578,124.5999984741211,90.38756561279297,12.989999771118164,40.34000015258789,15.5,14.0,53.57448196411133,28.65999984741211,35.85459518432617,3080.669921875,274.87799072265625,57.73931884765625,144.0922393798828
2020-08-12,255.19000244140625,90.11000061035156,62.900001525878906,126.11000061035156,94.36890411376953,13.359999656677246,40.939998626708984,15.239999771118164,14.135000228881836,54.699951171875,29.360000610351562,36.67758560180664,3162.239990234375,310.9519958496094,59.114532470703125,146.72959899902344
2020-08-13,253.72000122070312,88.8499984741211,62.540000915527344,124.56999969482422,92.44784545898438,13.359999656677246,41.75,14.720000267028809,14.121000289916992,54.23183822631836,28.700000762939453,34.456504821777344,3161.02001953125,324.20001220703125,58.84931564331055,145.1020965576172
2020-08-14,253.97000122070312,85.04000091552734,62.060001373291016,116.73999786376953,91.75578308105469,13.100000381469727,41.58000183105469,14.399999618530273,13.562999725341797,54.291595458984375,28.540000915527344,33.385623931884766,3148.02001953125,330.1419982910156,58.38763427734375,145.33740234375
2020-08-17,256.9599914550781,89.18000030517578,66.9800033569336,123.91999816894531,94.37686920166016,14.050000190734863,43.4900016784668,14.359999656677246,14.090999603271484,55.39714813232422,28.290000915527344,33.375709533691406,3182.409912109375,367.12799072265625,58.69214630126953,146.0727081298828
2020-08-18,259.20001220703125,91.58999633789062,70.31999969482422,124.19999694824219,95.4209213256836,14.300000190734863,45.310001373291016,14.149999618530273,14.25,55.52663040161133,28.06999969482422,33.088157653808594,3312.489990234375,377.4179992675781,58.98683547973633,147.15115356445312
2020-08-19,260.5899963378906,95.94000244140625,72.55999755859375,122.70999908447266,94.60555267333984,14.0600004196167,45.27000045776367,14.149999618530273,13.782999992370605,54.38123321533203,27.809999465942383,32.146183013916016,3260.47998046875,375.70599365234375,58.98683547973633,147.44528198242188
2020-08-20,257.9700012207031,97.12999725341797,73.94000244140625,123.4800033569336,95.3155288696289,13.779999732971191,45.06999969482422,14.569999694824219,13.62600040435791,53.73384094238281,28.0,31.650405883789062,3297.3701171875,400.3659973144531,59.00647735595703,148.4551239013672
2020-08-21,265.79998779296875,84.0,74.9800033569336,122.44999694824219,96.44708251953125,14.119999885559082,44.9900016784668,15.010000228881836,13.852999687194824,54.42107391357422,28.1200008392334,31.600830078125,3284.719970703125,409.9960021972656,58.50551223754883,149.7688751220703
2020-08-24,276.0199890136719,83.16000366210938,76.18000030517578,122.87999725341797,98.02012634277344,14.970000267028809,46.119998931884766,15.25,13.654999732971191,54.37127685546875,28.579999923706055,31.769393920898438,3307.4599609375,402.8399963378906,59.21276092529297,150.1636505126953
2020-08-25,286.0,87.23999786376953,78.97000122070312,125.69999694824219,102.25005340576172,17.84000015258789,47.0,15.670000076293945,13.807000160217285,54.84934997558594,28.75,32.37424087524414,3346.489990234375,404.6679992675781,59.114532470703125,150.07484436035156
2020-08-26,291.9599914550781,89.25,80.37999725341797,127.47000122070312,102.51631927490234,20.440000534057617,48.720001220703125,15.960000038146973,13.788000106811523,55.17803192138672,28.600000381469727,32.53289031982422,3441.85009765625,430.6340026855469,59.23240661621094,150.31170654296875
2020-08-27,284.1700134277344,88.81999969482422,79.30000305175781,127.25,102.09149169921875,19.8799991607666,45.13999938964844,16.06999969482422,14.612000465393066,54.97883224487305,29.030000686645508,31.987533569335938,3400.0,447.75,59.33063888549805,150.9828338623047
2020-08-28,289.0,89.19999694824219,79.95999908447266,129.0,100.55378723144531,18.5,47.38999938964844,15.989999771118164,14.914999961853027,56.273624420166016,30.6299991607666,32.44364929199219,3401.800048828125,442.67999267578125,59.08506774902344,151.6342010498047
2020-08-31,287.0299987792969,88.94000244140625,78.63999938964844,124.56999969482422,97.17121124267578,19.030000686645508,47.25,15.630000114440918,14.663000106811523,57.47877502441406,30.239999771118164,33.24680709838867,3450.9599609375,498.32000732421875,58.5251579284668,151.40721130371094
2020-09-01,298.0,91.36000061035156,82.48999786376953,126.93000030517578,98.08467102050781,20.1200008392334,52.25,15.930000305175781,15.100000381469727,58.056453704833984,30.649999618530273,34.97211456298828,3499.1201171875,475.04998779296875,58.58409118652344,149.54188537597656
2020-09-02,296.07000732421875,90.29000091552734,83.20999908447266,124.26000213623047,98.44963836669922,19.899999618530273,50.880001068115234,15.899999618530273,15.352999687194824,57.69789505004883,30.600000381469727,34.297855377197266,3531.449951171875,447.3699951171875,59.841426849365234,151.8217315673828
2020-09-03,282.5,85.76000213623047,79.04000091552734,121.41999816894531,96.79624938964844,18.700000762939453,47.27000045776367,15.699999809265137,15.034000396728516,55.69594955444336,30.110000610351562,32.98900604248047,3368.0,407.0,58.731441497802734,147.5976104736328
2020-09-04,281.3900146484375,85.04000091552734,80.0,122.87000274658203,96.78030395507812,17.979999542236328,47.02000045776367,15.670000076293945,14.928999900817871,53.6043586730957,30.65999984741211,32.98900604248047,3294.6201171875,418.32000732421875,58.11259078979492,146.65013122558594
2020-09-08,270.0199890136719,81.70999908447266,76.22000122070312,119.30999755859375,91.29358673095703,17.030000686645508,44.38999938964844,15.800000190734863,14.772000312805176,52.11037063598633,30.190000534057617,31.471925735473633,3149.840087890625,330.2099914550781,58.613563537597656,145.33750915527344
2020-09-09,273.1499938964844,84.6500015258789,77.19000244140625,119.4000015258789,94.13965606689453,18.09000015258789,45.099998474121094,16.350000381469727,14.89799976348877,52.986846923828125,29.639999389648438,32.32466125488281,3268.610107421875,366.2799987792969,61.01036071777344,147.74563598632812
2020-09-10,267.54998779296875,83.87000274658203,74.52999877929688,119.16000366210938,91.64859771728516,17.739999771118164,42.970001220703125,15.729999542236328,14.46399974822998,50.45702362060547,28.889999389648438,31.005897521972656,3175.110107421875,371.3399963378906,60.008419036865234,144.99208068847656
2020-09-11,271.6099853515625,84.73999786376953,74.18000030517578,120.62000274658203,90.88871002197266,17.969999313354492,43.02000045776367,15.800000190734863,14.729999542236328,51.15422058105469,28.760000228881836,31.352941513061523,3116.219970703125,372.7200012207031,60.88266372680664,145.8507080078125
2020-09-14,274.1000061035156,85.27999877929688,76.58999633789062,121.87999725341797,92.831298828125,18.729999542236328,43.95000076293945,15.979999542236328,15.17199993133545,51.96097183227539,29.40999984741211,31.45209503173828,3102.969970703125,419.6199951171875,60.66655731201172,146.4132843017578
2020-09-15,277.9599914550781,82.6500015258789,77.0,124.48999786376953,95.23062133789062,19.190000534057617,45.38999938964844,15.550000190734863,15.53499984741211,51.79165267944336,29.030000686645508,31.105052947998047,3156.1298828125,449.760009765625,61.36398696899414,146.9462127685547
2020-09-16,278.1400146484375,82.6500015258789,75.08999633789062,126.02999877929688,94.59439086914062,19.010000228881836,44.150001525878906,15.710000038146973,15.4399995803833,51.761775970458984,29.360000610351562,30.748092651367188,3078.10009765625,441.760009765625,61.11841583251953,146.46261596679688
2020-09-17,275.7200012207031,81.0199966430664,74.37000274658203,124.66999816894531,93.74076843261719,19.299999237060547,44.220001220703125,15.8100004196167,15.444000244140625,51.801612854003906,29.68000030517578,30.569612503051758,3008.72998046875,423.42999267578125,61.36398696899414,145.24867248535156
2020-09-18,272.4100036621094,79.80999755859375,74.5,124.66000366210938,92.95494842529297,19.40999984741211,43.08000183105469,15.619999885559082,15.404000282287598,51.09445571899414,29.43000030517578,30.40104866027832,2954.909912109375,442.1499938964844,59.82178497314453,147.232421875
2020-09-21,273.82000732421875,79.95999908447266,75.12999725341797,124.55000305175781,95.71127319335938,18.809999465942383,43.09000015258789,14.979999542236328,15.406999588012695,50.51678466796875,28.229999542236328,28.43777084350586,2960.469970703125,449.3900146484375,58.8394889831543,143.20571899414062
2020-09-22,275.2900085449219,80.04000091552734,75.0,124.02999877929688,96.58683776855469,19.229999542236328,43.310001373291016,14.9399995803833,15.288000106811523,50.9948616027832,27.959999084472656,29.607805252075195,3128.989990234375,424.2300109863281,59.438690185546875,142.32733154296875
2020-09-23,272.95001220703125,76.63999938964844,74.58999633789062,122.91999816894531,93.9342269897461,17.959999084472656,41.849998474121094,14.729999542236328,15.130999565124512,50.15822219848633,27.65999984741211,29.697046279907227,2999.860107421875,380.3599853515625,59.37975311279297,142.5543212890625
2020-09-24,269.7300109863281,75.29000091552734,72.72000122070312,123.76000213623047,93.78065490722656,17.850000381469727,41.88999938964844,14.720000267028809,15.010000228881836,51.18409729003906,27.75,29.994510650634766,3019.7900390625,387.7900085449219,59.51727294921875,142.78131103515625
2020-09-25,271.0899963378906,74.33000183105469,74.66999816894531,123.79000091552734,94.16558074951172,18.31999969482422,42.20000076293945,14.5,14.92300033569336,51.22393798828125,30.149999618530273,30.242399215698242,3095.1298828125,407.3399963378906,59.743202209472656,143.75839233398438
2020-09-28,276.010009765625,75.0999984741211,76.0999984741211,126.04000091552734,92.53014373779297,18.809999465942383,41.810001373291016,14.619999885559082,14.965999603271484,51.79165267944336,32.0,31.699983596801758,3174.050048828125,421.20001220703125,60.637088775634766,145.18946838378906
2020-09-29,276.92999267578125,73.69999694824219,75.16000366210938,122.58000183105469,89.90147399902344,20.850000381469727,40.65999984741211,14.880000114440918,14.722999572753906,51.35342025756836,31.270000457763672,29.340085983276367,3144.8798828125,419.07000732421875,60.81390380859375,145.14010620117188
2020-09-30,293.9800109863281,74.1500015258789,77.61000061035156,126.58999633789062,90.6812973022461,21.219999313354492,41.599998474121094,14.770000457763672,14.949999809265137,52.737850189208984,31.139999389648438,29.66729736328125,3148.72998046875,429.010009765625,60.587974548339844,146.9363555908203
2020-10-01,290.04998779296875,74.43000030517578,78.56999969482422,126.44999694824219,92.46033477783203,21.760000228881836,42.5099983215332,15.039999961853027,15.456000328063965,52.78764724731445,31.290000915527344,29.231014251708984,3221.260009765625,448.1600036621094,60.82372283935547,145.396728515625
2020-10-02,288.1700134277344,71.4000015258789,76.0999984741211,124.62000274658203,88.8523941040039,21.18000030517578,41.79999923706055,14.649999618530273,15.414999961853027,52.76772689819336,31.030000686645508,28.834392547607422,3125.0,415.0899963378906,61.58009338378906,144.33082580566406
2020-10-05,288.2699890136719,72.06999969482422,76.4000015258789,124.69999694824219,90.36817169189453,21.59000015258789,45.099998474121094,14.569999694824219,15.178000450134277,53.33544158935547,31.239999771118164,28.834392547607422,3199.199951171875,425.67999267578125,61.82566452026367,146.29483032226562
2020-10-06,292.3900146484375,72.98999786376953,76.69000244140625,124.83000183105469,89.14158630371094,20.670000076293945,48.16999816894531,14.489999771118164,16.381000518798828,53.09640884399414,32.029998779296875,29.00295639038086,3099.9599609375,413.9800109863281,60.637088775634766,144.35055541992188
2020-10-07,296.5,74.80000305175781,78.12000274658203,126.3499984741211,86.69839477539062,21.559999465942383,47.66999816894531,14.300000190734863,16.54599952697754,53.15616226196289,32.470001220703125,28.695575714111328,3195.68994140625,425.29998779296875,60.94160079956055,145.9494171142578
2020-10-08,300.5400085449219,73.41000366210938,78.1500015258789,126.75,88.17427825927734,21.440000534057617,46.599998474121094,14.289999961853027,16.770999908447266,53.504764556884766,32.7400016784668,28.675745010375977,3190.550048828125,425.9200134277344,61.11841583251953,146.9462127685547
2020-10-09,299.739990234375,79.54000091552734,79.79000091552734,126.48999786376953,90.34822082519531,21.469999313354492,48.41999816894531,14.520000457763672,17.009000778198242,53.773681640625,32.16999816894531,29.65738296508789,3286.64990234375,434.0,62.002479553222656,148.9990692138672
2020-10-12,306.3399963378906,84.72000122070312,84.31999969482422,127.72000122070312,91.2457275390625,21.850000381469727,47.880001068115234,14.3100004196167,17.093000411987305,53.68404006958008,32.459999084472656,29.984594345092773,3442.929931640625,442.29998779296875,61.9730110168457,149.85769653320312
2020-10-13,308.7799987792969,84.6500015258789,82.61000061035156,127.05000305175781,90.61746978759766,21.6200008392334,47.65999984741211,14.260000228881836,16.209999084472656,53.95296096801758,30.25,29.92510223388672,3443.6298828125,446.6499938964844,62.07123947143555,146.4231414794922
2020-10-14,301.0400085449219,82.66000366210938,81.0999984741211,136.07000732421875,89.32108306884766,26.5,43.689998626708984,14.289999961853027,16.54800033569336,53.19600296020508,29.84000015258789,28.764984130859375,3363.7099609375,461.29998779296875,62.31681442260742,146.1665496826172
2020-10-15,299.4599914550781,82.79000091552734,80.25,130.0399932861328,88.08453369140625,28.06999969482422,43.7599983215332,14.300000190734863,16.49799919128418,53.126285552978516,29.75,28.4278564453125,3338.64990234375,448.8800048828125,61.196998596191406,145.26841735839844
2020-10-16,307.30999755859375,84.0199966430664,81.5199966430664,130.3699951171875,88.27400207519531,28.479999542236328,43.81999969482422,14.25,16.489999771118164,53.265724182128906,29.90999984741211,28.596420288085938,3272.7099609375,439.6700134277344,61.64885330200195,146.1665496826172
2020-10-19,305.2900085449219,84.1500015258789,80.61000061035156,129.25,87.10725402832031,27.6299991607666,44.0,14.149999618530273,16.4950008392334,52.58844757080078,30.190000534057617,28.5567569732666,3207.2099609375,430.8299865722656,60.705848693847656,142.43588256835938
2020-10-20,309.80999755859375,89.06999969482422,82.56999969482422,130.0800018310547,88.12442016601562,27.959999084472656,45.2400016784668,14.010000228881836,17.482999801635742,53.51472091674805,30.079999923706055,29.66729736328125,3217.010009765625,421.94000244140625,61.354164123535156,142.6628875732422
2020-10-21,307.9700012207031,90.2300033569336,82.62999725341797,134.83999633789062,87.99478149414062,27.860000610351562,45.15999984741211,14.380000114440918,17.597999572753906,53.6043586730957,30.040000915527344,30.31180763244629,3184.93994140625,422.6400146484375,60.48974609375,142.0509796142578
2020-10-22,306.2799987792969,87.7699966430664,81.30999755859375,132.86000061035156,87.3266372680664,27.3799991607666,45.29999923706055,14.6899995803833,17.187999725341797,54.480838775634766,30.739999771118164,30.70842933654785,3176.39990234375,425.7900085449219,60.479923248291016,143.18597412109375
2020-10-23,309.9200134277344,86.91000366210938,81.33999633789062,133.92999267578125,85.6313705444336,27.15999984741211,44.439998626708984,14.920000076293945,17.05299949645996,55.048553466796875,31.219999313354492,30.01434326171875,3204.39990234375,420.6300048828125,60.23434829711914,143.3438720703125
2020-10-26,306.8699951171875,86.91999816894531,81.41000366210938,132.9499969482422,86.46903228759766,26.010000228881836,45.0,15.039999961853027,17.04400062561035,54.41111755371094,30.360000610351562,30.13332748413086,3207.0400390625,420.2799987792969,59.684261322021484,142.09046936035156
2020-10-27,317.1400146484375,90.30999755859375,83.01000213623047,134.88999938964844,88.17427825927734,28.440000534057617,45.81999969482422,15.0,16.881000518798828,53.76371765136719,29.489999771118164,29.617721557617188,3286.330078125,424.67999267578125,59.910194396972656,141.28114318847656
2020-10-28,307.94000244140625,89.98999786376953,80.08000183105469,130.6999969482422,86.00033569335938,27.510000228881836,44.369998931884766,14.539999961853027,16.59000015258789,52.01077651977539,29.329999923706055,28.933547973632812,3162.780029296875,406.0199890136719,57.32675552368164,136.55369567871094
2020-10-29,312.55999755859375,94.12000274658203,83.04000091552734,131.9600067138672,87.9648666381836,31.989999771118164,46.40999984741211,14.710000038146973,16.55500030517578,54.00275802612305,29.469999313354492,29.92510223388672,3211.010009765625,410.8299865722656,57.15341567993164,135.3989715576172
2020-10-30,304.69000244140625,89.9800033569336,81.5199966430664,133.0500030517578,86.54881286621094,30.579999923706055,44.66999816894531,14.880000114440918,16.038000106811523,53.016727447509766,28.760000228881836,28.73523712158203,3036.14990234375,388.0400085449219,56.291656494140625,135.32000732421875
2020-11-02,310.8399963378906,91.62000274658203,82.31999969482422,134.0500030517578,84.09564971923828,33.31999969482422,44.459999084472656,14.75,16.13599967956543,52.43905258178711,29.31999969482422,29.0822811126709,3004.47998046875,400.510009765625,57.26237106323242,136.87937927246094
2020-11-03,285.57000732421875,97.72000122070312,82.69000244140625,134.11000061035156,85.6712646484375,35.5,44.619998931884766,14.869999885559082,16.07900047302246,52.937049865722656,29.149999618530273,28.82447624206543,3048.409912109375,423.8999938964844,58.4014778137207,136.69186401367188
2020-11-04,295.7099914550781,110.26000213623047,89.30999755859375,140.30999755859375,93.41966247558594,37.709999084472656,48.15999984741211,15.369999885559082,17.059999465942383,55.018672943115234,30.540000915527344,30.063919067382812,3241.159912109375,420.9800109863281,59.609920501708984,137.58010864257812
2020-11-05,287.75,113.06999969482422,91.58999633789062,143.94000244140625,91.32550048828125,42.349998474121094,46.060001373291016,15.859999656677246,18.017000198364258,55.79554748535156,32.27000045776367,31.025728225708008,3322.0,438.0899963378906,60.283477783203125,137.9354248046875
2020-11-06,299.95001220703125,114.52999877929688,92.48999786376953,144.0,91.78422546386719,41.630001068115234,48.869998931884766,15.270000457763672,17.89900016784668,56.970821380615234,32.119998931884766,31.085220336914062,3311.3701171875,429.95001220703125,60.848079681396484,140.3928985595703
2020-11-09,290.5299987792969,106.13999938964844,84.86000061035156,144.19000244140625,87.59588623046875,44.02000045776367,46.040000915527344,15.119999885559082,17.527999877929688,57.14013671875,36.56999969482422,30.66876792907715,3143.739990234375,421.260009765625,60.64997482299805,144.17291259765625
2020-11-10,266.5400085449219,103.08999633789062,80.08000183105469,143.25,87.30670166015625,41.54999923706055,43.70000076293945,14.949999809265137,17.39699935913086,57.10029983520508,36.130001068115234,29.776369094848633,3035.02001953125,410.3599853515625,61.33343505859375,146.34417724609375
2020-11-11,265.6499938964844,111.45999908447266,82.83999633789062,143.05999755859375,89.34102630615234,43.08000183105469,44.20000076293945,15.3100004196167,17.426000595092773,58.604251861572266,35.5,29.677213668823242,3137.389892578125,417.1300048828125,62.35367965698242,145.87045288085938
2020-11-12,264.30999755859375,134.2100067138672,86.37999725341797,142.47000122070312,87.09727478027344,48.29999923706055,45.900001525878906,15.989999771118164,17.01799964904785,57.46881866455078,33.91999816894531,30.510120391845703,3110.280029296875,411.760009765625,62.11595153808594,146.36392211914062
2020-11-13,260.8399963378906,151.2899932861328,92.08000183105469,145.0800018310547,88.02468872070312,44.560001373291016,48.900001525878906,16.489999771118164,17.33799934387207,57.52857208251953,34.650001525878906,32.45356369018555,3128.81005859375,408.5,62.135765075683594,147.9430389404297
2020-11-16,258.30999755859375,142.02999877929688,85.26000213623047,147.83999633789062,86.85794830322266,45.58000183105469,50.04999923706055,16.100000381469727,17.791000366210938,57.817413330078125,34.540000915527344,32.959259033203125,3131.06005859375,408.0899963378906,60.41225051879883,148.88064575195312
2020-11-17,256.79998779296875,132.3699951171875,86.97000122070312,143.9199981689453,86.608642578125,46.59000015258789,50.04999923706055,16.209999084472656,17.92099952697754,57.56841278076172,35.0099983215332,32.80060958862305,3135.659912109375,441.6099853515625,59.7089729309082,147.4002227783203
2020-11-18,255.8300018310547,132.3800048828125,86.25,142.07000732421875,85.26239776611328,45.060001373291016,47.849998474121094,16.1200008392334,17.65999984741211,59.57036590576172,33.689998626708984,32.31474685668945,3105.4599609375,486.6400146484375,58.906646728515625,145.44606018066406
2020-11-19,259.8900146484375,137.66000366210938,86.04000091552734,136.47999572753906,88.97206115722656,48.45000076293945,58.459999084472656,16.399999618530273,18.066999435424805,60.00859832763672,33.68000030517578,29.736705780029297,3117.02001953125,499.2699890136719,58.61939239501953,145.2190704345703
2020-11-20,270.739990234375,143.5500030517578,87.73999786376953,136.11000061035156,93.25013732910156,49.25,60.0,16.729999542236328,17.905000686645508,59.86915969848633,33.720001220703125,29.865610122680664,3099.39990234375,489.6099853515625,58.67882537841797,144.4492645263672
2020-11-23,270.1099853515625,141.0500030517578,87.55999755859375,133.0399932861328,94.52657318115234,55.380001068115234,63.31999969482422,16.5,17.53499984741211,59.600242614746094,33.65999984741211,28.9930419921875,3098.389892578125,521.8499755859375,57.698204040527344,142.97842407226562
2020-11-24,279.9599914550781,143.94000244140625,89.81999969482422,134.36000061035156,97.24899291992188,53.5099983215332,62.84000015258789,16.479999542236328,17.319000244140625,60.24893569946289,33.84000015258789,29.508649826049805,3118.06005859375,555.3800048828125,57.55952835083008,142.97842407226562
2020-11-25,277.7200012207031,135.89999389648438,88.2300033569336,136.0,93.53933715820312,53.689998626708984,62.0099983215332,16.709999084472656,16.8799991607666,58.59226608276367,33.33000183105469,29.211181640625,3185.070068359375,574.0,60.69949722290039,142.7895965576172
2020-11-27,276.4800109863281,144.0500030517578,89.41000366210938,139.4199981689453,93.08060455322266,54.0,64.86000061035156,17.0,16.854000091552734,58.28289031982422,34.209999084472656,29.260761260986328,3195.340087890625,585.760009765625,59.93679428100586,143.1076202392578
2020-11-30,263.3599853515625,138.80999755859375,85.3499984741211,138.99000549316406,90.11885833740234,50.529998779296875,62.86000061035156,16.760000228881836,16.485000610351562,56.26694107055664,33.59000015258789,28.001487731933594,3168.0400390625,567.5999755859375,60.48158645629883,143.7834014892578
2020-12-01,264.010009765625,136.5399932861328,85.36000061035156,140.25999450683594,89.72994232177734,45.36000061035156,60.81999969482422,16.40999984741211,16.177000045776367,58.053348541259766,34.40999984741211,28.507179260253906,3220.080078125,584.760009765625,59.20380401611328,146.53623962402344
2020-12-02,261.32000732421875,144.05999755859375,84.37999725341797,143.6999969482422,87.88508605957031,47.97999954223633,61.790000915527344,16.440000534057617,15.795999526977539,56.5064582824707,33.150001525878906,28.774900436401367,3203.530029296875,568.8200073242188,58.55005645751953,147.22195434570312
2020-12-03,266.9100036621094,145.16000366210938,86.29000091552734,144.24000549316406,87.7801513671875,45.349998474121094,62.33000183105469,16.739999771118164,16.208999633789062,56.69607925415039,35.220001220703125,28.5567569732666,3186.72998046875,593.3800048828125,57.43075942993164,148.07662963867188
2020-12-04,267.25,146.36000061035156,85.19000244140625,144.07000732421875,87.33039855957031,43.040000915527344,67.79000091552734,16.729999542236328,16.187999725341797,56.646175384521484,35.060001373291016,27.98165512084961,3162.580078125,599.0399780273438,57.91611862182617,149.33876037597656
2020-12-07,264.0,146.7899932861328,83.48999786376953,144.3000030517578,89.3592529296875,45.11000061035156,72.55000305175781,16.809999465942383,16.1200008392334,56.99547576904297,34.4900016784668,27.9915714263916,3158.0,641.760009765625,57.4505729675293,148.04681396484375
2020-12-08,266.0899963378906,157.49000549316406,82.01000213623047,144.99000549316406,91.55799865722656,46.560001373291016,75.30000305175781,18.0,16.00200080871582,57.095272064208984,34.45000076293945,27.585033416748047,3177.2900390625,649.8800048828125,58.01517105102539,150.61083984375
2020-12-09,263.79998779296875,147.57000732421875,81.81999969482422,151.58999633789062,88.95948028564453,44.0099983215332,73.05999755859375,18.8799991607666,16.040000915527344,56.646175384521484,33.959999084472656,27.803176879882812,3104.199951171875,604.47998046875,58.17365646362305,152.15122985839844
2020-12-10,264.8699951171875,154.33999633789062,81.70999908447266,158.32000732421875,87.3204116821289,45.220001220703125,75.70999908447266,18.610000610351562,16.246999740600586,57.24497604370117,34.209999084472656,27.88250160217285,3101.489990234375,627.0700073242188,58.05479431152344,151.30648803710938
2020-12-11,264.5400085449219,147.64999389648438,82.61000061035156,161.24000549316406,88.20990753173828,41.97999954223633,75.91000366210938,18.719999313354492,16.000999450683594,56.676116943359375,32.959999084472656,27.763513565063477,3116.419921875,609.989990234375,58.43119430541992,152.0021514892578
2020-12-14,256.0299987792969,142.1199951171875,79.95999908447266,162.9600067138672,86.83068084716797,40.97999954223633,78.19999694824219,18.8799991607666,16.05299949645996,56.63619613647461,33.86000061035156,26.77195930480957,3156.969970703125,639.8300170898438,57.60905456542969,148.14620971679688
2020-12-15,255.11000061035156,142.02999877929688,79.5,185.5,85.53142547607422,43.5,76.66000366210938,19.049999237060547,16.170000076293945,57.35475540161133,34.15999984741211,26.47449493408203,3165.1201171875,633.25,57.767539978027344,149.6369171142578
2020-12-16,261.8900146484375,145.47000122070312,81.7699966430664,190.39999389648438,88.33982849121094,44.66999816894531,78.83000183105469,17.850000381469727,16.5939998626709,57.70405197143555,35.13999938964844,27.32723045349121,3240.9599609375,622.77001953125,58.817501068115234,148.7424774169922
2020-12-17,264.42999267578125,149.9499969482422,82.70999908447266,190.11000061035156,90.83840942382812,46.0,82.19000244140625,18.450000762939453,16.55900001525879,58.17311096191406,34.90999984741211,27.347061157226562,3236.080078125,655.9000244140625,58.69863510131836,152.66799926757812
2020-12-18,260.0,149.3699951171875,81.52999877929688,192.69000244140625,94.73619842529297,46.720001220703125,84.68000030517578,18.65999984741211,17.090999603271484,58.12321090698242,34.61000061035156,27.713937759399414,3201.64990234375,695.0,58.233089447021484,153.55247497558594
2020-12-21,260.42999267578125,146.8699951171875,80.63999938964844,193.0800018310547,92.87725067138672,48.95000076293945,87.61000061035156,18.799999237060547,16.952999114990234,57.49447250366211,33.599998474121094,27.8626708984375,3206.179931640625,649.8599853515625,57.5199089050293,152.0717315673828
2020-12-22,255.8300018310547,139.02000427246094,82.79000091552734,191.25999450683594,92.44749450683594,47.58000183105469,85.87999725341797,18.8799991607666,17.0,57.095272064208984,32.95000076293945,27.763513565063477,3206.52001953125,640.3400268554688,57.47038269042969,151.77357482910156
2020-12-23,256.17999267578125,140.25,85.45999908447266,193.36000061035156,92.52745056152344,47.0099983215332,82.77999877929688,18.829999923706055,17.145000457763672,57.434593200683594,32.630001068115234,28.011402130126953,3185.27001953125,645.97998046875,57.836875915527344,150.9984130859375
2020-12-24,222.0,152.75,84.48999786376953,191.02000427246094,92.60740661621094,45.77000045776367,82.01000213623047,18.90999984741211,17.246000289916992,57.59427261352539,31.989999771118164,27.78334617614746,3172.68994140625,661.77001953125,58.12413024902344,151.52513122558594
2020-12-28,222.36000061035156,143.8000030517578,81.61000061035156,193.0800018310547,91.0782699584961,44.060001373291016,81.37999725341797,18.540000915527344,17.14900016784668,57.005455017089844,31.899999618530273,27.69410514831543,3283.9599609375,663.6900024414062,58.53024673461914,152.2406768798828
2020-12-29,236.25999450683594,166.19000244140625,86.13999938964844,195.07000732421875,93.386962890625,46.13999938964844,82.44999694824219,18.93000030517578,16.801000595092773,56.726016998291016,32.029998779296875,27.743682861328125,3322.0,665.989990234375,59.560394287109375,153.18478393554688
2020-12-30,238.38999938964844,179.11000061035156,89.5199966430664,219.6300048828125,95.87554931640625,48.380001068115234,94.3499984741211,19.219999313354492,18.121000289916992,57.005455017089844,33.25,28.755067825317383,3285.85009765625,694.780029296875,60.32310104370117,155.08294677734375
2020-12-31,232.72999572753906,177.6699981689453,87.9000015258789,216.24000549316406,95.71563720703125,48.7400016784668,85.72000122070312,19.239999771118164,18.58099937438965,56.97551727294922,33.72999954223633,28.91371726989746,3256.929931640625,705.6699829101562,59.78821563720703,156.4047088623047
2021-01-04,227.85000610351562,166.77999877929688,86.33000183105469,216.8000030517578,96.68508911132812,53.4900016784668,94.73999786376953,19.3700008392334,17.399999618530273,56.93559646606445,33.5,27.813091278076172,3186.6298828125,729.77001953125,59.95660400390625,155.5301513671875
2021-01-05,240.39999389648438,187.1999969482422,95.5,214.0,101.51234436035156,53.20000076293945,102.45999908447266,20.459999084472656,18.0,58.09326934814453,34.25,28.576587677001953,3218.510009765625,735.1099853515625,59.98632049560547,157.35874938964844
2021-01-06,227.61000061035156,176.75,88.18000030517578,203.97000122070312,103.55119323730469,50.5,105.5999984741211,20.950000762939453,17.215999603271484,57.90365219116211,33.59000015258789,28.239459991455078,3138.3798828125,755.97998046875,60.075469970703125,158.8395233154297
2021-01-07,226.89999389648438,180.1199951171875,87.91999816894531,207.88999938964844,111.82649230957031,54.279998779296875,111.4000015258789,20.600000381469727,16.968000411987305,57.943572998046875,33.20000076293945,27.96182632446289,3162.159912109375,816.0399780273438,59.25333023071289,159.37615966796875
2021-01-08,236.19000244140625,180.77000427246094,91.54000091552734,240.25,114.50496673583984,58.91999816894531,118.47000122070312,21.049999237060547,17.969999313354492,59.74993896484375,33.75,28.5170955657959,3182.699951171875,880.02001953125,59.95660400390625,159.0482177734375
2021-01-11,227.3699951171875,172.49000549316406,90.37999725341797,219.5500030517578,109.13801574707031,62.70000076293945,112.47000122070312,20.979999542236328,17.614999771118164,59.660118103027344,33.11000061035156,28.5567569732666,3114.2099609375,811.1900024414062,58.956172943115234,158.3823699951172
2021-01-12,225.60000610351562,169.47999572753906,88.54000091552734,239.4499969482422,107.38900756835938,62.040000915527344,115.44000244140625,21.459999084472656,17.489999771118164,58.073307037353516,32.65999984741211,30.02425765991211,3120.830078125,849.4400024414062,58.53024673461914,157.15005493164062
2021-01-13,235.3000030517578,164.8000030517578,90.44000244140625,236.94000244140625,106.98924255371094,62.150001525878906,119.30999755859375,21.149999618530273,17.618999481201172,58.292869567871094,32.97999954223633,29.687129974365234,3165.889892578125,854.4099731445312,58.6094856262207,156.9115447998047
2021-01-14,242.97999572753906,167.25999450683594,89.23999786376953,249.0,104.71052551269531,60.869998931884766,123.22000122070312,21.700000762939453,17.61199951171875,57.37471389770508,33.0,29.498733520507812,3127.469970703125,845.0,59.27313995361328,159.65443420410156
2021-01-15,243.4600067138672,161.1999969482422,87.7699966430664,238.8699951171875,105.02035522460938,56.27000045776367,122.62999725341797,22.209999084472656,17.2810001373291,57.04537582397461,33.130001068115234,29.27067756652832,3104.25,826.1599731445312,59.11465835571289,159.30661010742188
2021-01-19,251.64999389648438,168.7899932861328,91.1500015258789,250.4199981689453,110.03750610351562,58.439998626708984,127.87999725341797,26.8700008392334,17.509000778198242,59.171104431152344,33.66999816894531,29.885438919067383,3120.760009765625,844.5499877929688,58.817501068115234,161.771240234375
2021-01-20,265.489990234375,170.9600067138672,95.30999755859375,260.8999938964844,112.8858871459961,57.709999084472656,127.80000305175781,26.100000381469727,17.10099983215332,58.92160415649414,34.58000183105469,30.807584762573242,3263.3798828125,850.4500122070312,58.98588943481445,161.37371826171875
2021-01-21,260.0,172.80999755859375,95.0999984741211,251.91000366210938,115.96414184570312,58.34000015258789,123.87999725341797,26.020000457763672,18.288999557495117,59.191062927246094,33.689998626708984,31.987533569335938,3306.989990234375,844.989990234375,59.35238265991211,160.7277374267578
2021-01-22,258.6199951171875,171.88999938964844,94.91000366210938,252.75,116.6937255859375,61.95000076293945,133.75,27.020000457763672,16.910999298095703,58.60224914550781,33.58000183105469,32.760948181152344,3292.22998046875,846.6400146484375,59.094844818115234,162.53646850585938
2021-01-25,261.3800048828125,180.42999267578125,98.37999725341797,254.8699951171875,124.21945190429688,59.9900016784668,134.27000427246094,27.209999084472656,17.183000564575195,58.25294876098633,32.779998779296875,33.95081329345703,3294.0,880.7999877929688,60.39243698120117,164.95140075683594
2021-01-26,265.9200134277344,173.97999572753906,96.97000122070312,248.3000030517578,121.86079406738281,60.310001373291016,126.0,27.0,17.131000518798828,59.221004486083984,31.969999313354492,34.52591323852539,3326.1298828125,883.0900268554688,60.32310104370117,169.4235076904297
2021-01-27,260.25,166.3000030517578,90.08999633789062,237.17999267578125,119.02239990234375,57.150001525878906,120.43000030517578,26.799999237060547,17.0,57.953548431396484,31.829999923706055,34.71430587768555,3232.580078125,864.1599731445312,58.77787780761719,166.83963012695312
2021-01-28,260.760009765625,169.36000061035156,91.41000366210938,244.8699951171875,117.17345428466797,58.369998931884766,119.0,26.84000015258789,16.700000762939453,56.90565490722656,32.599998474121094,32.86009979248047,3237.6201171875,835.4299926757812,58.52034378051758,168.11170959472656
2021-01-29,253.8300018310547,165.7100067138672,88.69000244140625,235.02000427246094,114.92472839355469,57.0,113.88999938964844,26.600000381469727,16.75,56.596275329589844,31.829999923706055,32.80060958862305,3206.199951171875,793.530029296875,57.787349700927734,162.11907958984375
2021-02-01,264.69000244140625,173.9600067138672,91.2699966430664,241.88999938964844,118.18287658691406,56.9900016784668,121.63999938964844,26.989999771118164,17.312000274658203,57.66413116455078,31.149999618530273,33.97064208984375,3342.8798828125,839.8099975585938,57.82697296142578,161.70167541503906
2021-02-02,254.5,182.0,95.41999816894531,250.52000427246094,123.29997253417969,55.77000045776367,129.97999572753906,27.649999618530273,17.67799949645996,58.382686614990234,32.0099983215332,34.982025146484375,3380.0,872.7899780273438,58.14393997192383,160.25071716308594
2021-02-03,263.42999267578125,193.11000061035156,95.5,251.27999877929688,122.86022186279297,57.97999954223633,135.19000244140625,26.280000686645508,17.827999114990234,57.16513442993164,31.860000610351562,35.20016860961914,3312.530029296875,854.6900024414062,58.73825454711914,159.50537109375
2021-02-04,266.9599914550781,197.25999450683594,94.62999725341797,258.42999267578125,122.2105941772461,57.599998474121094,142.57000732421875,25.219999313354492,18.295000076293945,55.867740631103516,32.790000915527344,34.208614349365234,3331.0,849.989990234375,55.32093811035156,160.98614501953125
2021-02-05,265.6700134277344,196.16000366210938,96.63999938964844,270.1300048828125,123.94960021972656,56.66999816894531,138.97999572753906,25.649999618530273,18.45400047302246,57.2749137878418,34.91999816894531,35.06135177612305,3352.14990234375,852.22998046875,54.498802185058594,163.43087768554688
2021-02-08,262.5899963378906,188.25999450683594,94.56999969482422,276.6000061035156,124.05953979492188,59.06999969482422,144.0399932861328,26.219999313354492,18.69300079345703,59.54035949707031,35.400001525878906,36.30079650878906,3322.93994140625,863.4199829101562,54.498802185058594,163.89797973632812
2021-02-09,266.489990234375,189.75999450683594,97.06999969482422,295.0400085449219,132.34483337402344,62.84000015258789,140.1199951171875,26.43000030517578,18.69099998474121,60.937557220458984,35.5,36.53876495361328,3305.0,849.4600219726562,53.96391677856445,165.23960876464844
2021-02-10,267.7900085449219,199.61000061035156,98.7699966430664,304.04998779296875,130.97561645507812,61.2599983215332,156.3699951171875,26.31999969482422,19.01799964904785,60.37867736816406,36.5,36.75690841674805,3286.580078125,804.8200073242188,53.7360954284668,165.77626037597656
2021-02-11,268.92999267578125,199.8000030517578,99.0,309.5899963378906,132.39480590820312,60.27000045776367,148.52000427246094,26.829999923706055,19.246999740600586,61.62617111206055,37.58000183105469,37.60964584350586,3262.1298828125,811.6599731445312,53.835147857666016,165.03091430664062
2021-02-12,267.8500061035156,196.58999633789062,99.30999755859375,313.0,132.0449981689453,59.849998474121094,153.1199951171875,26.360000610351562,19.586999893188477,62.46448516845703,37.0099983215332,38.154998779296875,3277.7099609375,816.1199951171875,54.52851486206055,165.5476837158203
2021-02-16,270.70001220703125,202.80999755859375,103.43000030517578,326.20001220703125,126.90792846679688,59.22999954223633,148.83999633789062,28.299999237060547,19.679000854492188,64.22095489501953,38.61000061035156,37.10395050048828,3268.949951171875,796.219970703125,55.21198272705078,164.04705810546875
2021-02-17,270.8299865722656,202.82000732421875,106.87999725341797,308.67999267578125,126.82797241210938,57.31999969482422,146.83999633789062,26.639999389648438,19.538000106811523,64.05130004882812,38.15999984741211,36.598262786865234,3308.639892578125,798.1500244140625,54.538421630859375,164.63339233398438
2021-02-18,264.510009765625,195.77999877929688,105.43000030517578,298.010009765625,124.24943542480469,54.43000030517578,143.47000122070312,26.809999465942383,19.202999114990234,63.17306137084961,37.9900016784668,36.62800598144531,3328.22998046875,787.3800048828125,55.093116760253906,164.71290588378906
2021-02-19,263.5899963378906,195.97999572753906,106.08999633789062,339.9100036621094,123.8196792602539,55.040000915527344,143.60000610351562,26.84000015258789,19.277000427246094,62.434547424316406,38.9900016784668,36.61809158325195,3249.89990234375,781.2999877929688,53.864864349365234,161.96998596191406
2021-02-22,254.0,188.24000549316406,97.66000366210938,335.7900085449219,117.39332580566406,50.68000030517578,129.11000061035156,24.8700008392334,18.445999145507812,61.376670837402344,40.0,35.686031341552734,3180.739990234375,714.5,53.795528411865234,161.8699951171875
2021-02-23,252.75,187.91000366210938,99.47000122070312,322.6099853515625,120.18174743652344,49.11000061035156,129.25999450683594,25.670000076293945,18.256000518798828,59.99943923950195,40.90999984741211,35.06135177612305,3194.5,698.8400268554688,54.8950080871582,160.44000244140625
2021-02-24,250.33999633789062,179.32000732421875,96.37000274658203,304.010009765625,117.43330383300781,51.86000061035156,127.13999938964844,26.31999969482422,18.316999435424805,60.20901870727539,40.689998626708984,34.397010803222656,3159.530029296875,742.02001953125,53.74599838256836,162.58999633789062
2021-02-25,240.17999267578125,171.05999755859375,93.36000061035156,294.20001220703125,108.59832763671875,46.810001373291016,131.83999633789062,26.030000686645508,17.843000411987305,60.03936004638672,39.58000183105469,33.78224563598633,3057.159912109375,682.219970703125,53.810001373291016,162.75999450683594
2021-02-26,237.75999450683594,171.16000366210938,93.87000274658203,283.4599914550781,109.78764343261719,45.779998779296875,125.97000122070312,25.719999313354492,17.761999130249023,59.720001220703125,39.45000076293945,33.45503616333008,3092.929931640625,675.5,52.060001373291016,158.4600067138672
2021-03-01,241.69000244140625,186.14999389648438,98.0199966430664,295.5799865722656,110.5272216796875,49.7599983215332,144.6699981689453,26.93000030517578,18.64299964904785,59.720001220703125,39.7599983215332,34.92253494262695,3146.139892578125,718.4299926757812,52.63999938964844,159.32000732421875
2021-03-02,234.4199981689453,175.52000427246094,96.37999725341797,301.92999267578125,110.06748962402344,43.290000915527344,137.94000244140625,27.600000381469727,18.799999237060547,59.310001373291016,39.779998779296875,34.76388931274414,3094.530029296875,686.4400024414062,53.2599983215332,159.02000427246094
2021-03-03,236.27000427246094,168.75,93.62000274658203,277.79998779296875,107.16913604736328,41.529998779296875,138.77999877929688,27.649999618530273,18.402000427246094,59.61000061035156,39.79999923706055,34.506080627441406,3005.0,653.2000122070312,53.439998626708984,156.22000122070312
2021-03-04,230.5,158.39999389648438,90.7699966430664,260.5899963378906,106.1996841430664,39.279998779296875,126.66000366210938,25.899999618530273,17.67300033569336,59.18000030517578,39.060001373291016,34.188785552978516,2977.570068359375,621.4400024414062,53.47999954223633,153.07000732421875
2021-03-05,233.88999938964844,156.82000732421875,90.62000274658203,261.7200012207031,108.19855499267578,38.11000061035156,118.83999633789062,26.149999618530273,18.243999481201172,60.41999816894531,39.7400016784668,34.664730072021484,3000.4599609375,597.9500122070312,54.02000045776367,156.10000610351562
2021-03-08,226.69000244140625,137.60000610351562,85.36000061035156,232.67999267578125,102.02205657958984,35.209999084472656,98.58999633789062,25.31999969482422,17.719999313354492,60.970001220703125,39.16999816894531,31.680152893066406,2951.949951171875,563.0,53.97999954223633,157.39999389648438
2021-03-09,238.13999938964844,154.17999267578125,89.52999877929688,264.2799987792969,110.61717987060547,41.349998474121094,107.4000015258789,26.690000534057617,18.593000411987305,61.4900016784668,40.189998626708984,31.838802337646484,3062.85009765625,673.5800170898438,54.11000061035156,157.6999969482422
2021-03-10,234.3000030517578,148.13999938964844,89.33000183105469,255.13999938964844,105.63999938964844,41.31999969482422,103.0999984741211,27.350000381469727,15.975000381469727,60.63999938964844,39.54999923706055,31.73964500427246,3057.639892578125,668.0599975585938,54.83000183105469,159.14999389648438
2021-03-11,240.8000030517578,162.39999389648438,90.01000213623047,272.3800048828125,108.38999938964844,46.029998779296875,110.44000244140625,27.780000686645508,16.871999740600586,61.650001525878906,41.40999984741211,32.820438385009766,3113.590087890625,699.5999755859375,54.59000015258789,159.13999938964844
2021-03-12,231.8699951171875,161.05999755859375,84.0199966430664,264.25,107.94999694824219,45.5,109.98999786376953,26.489999771118164,17.639999389648438,61.18000030517578,43.380001068115234,32.79069137573242,3089.489990234375,693.72998046875,55.130001068115234,159.60000610351562
2021-03-15,230.27999877929688,159.1300048828125,85.12999725341797,265.5299987792969,107.08000183105469,44.93000030517578,111.6500015258789,26.360000610351562,17.260000228881836,62.68000030517578,43.86000061035156,32.67170715332031,3081.679931640625,707.9400024414062,55.150001525878906,160.4199981689453
2021-03-16,226.92999267578125,160.88999938964844,85.76000213623047,266.7799987792969,108.30000305175781,43.68000030517578,113.30999755859375,26.450000762939453,17.059999465942383,62.150001525878906,44.56999969482422,32.5527229309082,3091.860107421875,676.8800048828125,56.11000061035156,161.3699951171875
2021-03-17,233.33999633789062,149.4600067138672,85.37000274658203,277.1300048828125,108.26000213623047,44.7599983215332,111.3499984741211,27.899999618530273,16.719999313354492,61.25,44.119998931884766,32.701454162597656,3135.72998046875,701.8099975585938,55.75,160.77000427246094
2021-03-18,236.42999267578125,141.82000732421875,83.9000015258789,264.8500061035156,104.98999786376953,41.630001068115234,108.81999969482422,28.520000457763672,16.5,60.54999923706055,42.119998931884766,29.231014251708984,3027.989990234375,653.1599731445312,55.91999816894531,160.47000122070312
2021-03-19,239.7899932861328,141.8000030517578,84.98999786376953,257.4700012207031,109.06999969482422,43.349998474121094,108.86000061035156,30.420000076293945,16.469999313354492,60.54999923706055,41.900001525878906,28.368362426757812,3074.9599609375,654.8699951171875,55.189998626708984,160.0399932861328
2021-03-22,237.1199951171875,137.14999389648438,84.97000122070312,266.1300048828125,110.05999755859375,42.939998626708984,106.87999725341797,30.8700008392334,16.34000015258789,61.15999984741211,41.209999084472656,27.198328018188477,3110.8701171875,670.0,55.66999816894531,160.5
2021-03-23,237.6699981689453,136.05999755859375,83.51000213623047,261.54998779296875,106.52999877929688,41.18000030517578,105.98999786376953,31.790000915527344,16.0,60.18000030517578,39.7400016784668,27.98165512084961,3137.5,662.1599731445312,56.02000045776367,160.35000610351562
2021-03-24,229.58999633789062,124.18000030517578,79.06999969482422,239.19000244140625,102.69000244140625,36.959999084472656,95.69999694824219,23.18000030517578,15.569999694824219,60.290000915527344,37.88999938964844,27.436302185058594,3087.070068359375,630.27001953125,55.65999984741211,161.91000366210938
2021-03-25,222.72000122070312,127.52999877929688,78.70999908447266,204.57000732421875,101.55000305175781,37.939998626708984,95.6500015258789,20.360000610351562,16.010000228881836,59.720001220703125,37.900001525878906,28.4278564453125,3046.260009765625,640.3900146484375,55.97999954223633,161.97000122070312
2021-03-26,227.25999450683594,131.2899932861328,82.06999969482422,208.61000061035156,103.94000244140625,36.130001068115234,97.08000183105469,20.100000381469727,14.229999542236328,59.41999816894531,37.279998779296875,28.43777084350586,3052.030029296875,618.7100219726562,56.189998626708984,164.92999267578125
2021-03-29,231.86000061035156,131.52999877929688,81.76000213623047,204.6999969482422,103.08999633789062,35.5099983215332,101.54000091552734,20.34000015258789,13.789999961853027,58.40999984741211,38.18000030517578,27.87258529663086,3075.72998046875,611.2899780273438,56.66999816894531,166.0399932861328
2021-03-30,229.25,135.44000244140625,83.0,218.22999572753906,102.9000015258789,37.54999923706055,105.05000305175781,21.34000015258789,14.15999984741211,58.630001068115234,39.560001373291016,28.140304565429688,3055.2900390625,635.6199951171875,55.91999816894531,165.00999450683594
2021-03-31,226.72999572753906,133.8800048828125,84.33000183105469,217.5500030517578,103.26000213623047,38.97999954223633,107.05999755859375,20.489999771118164,14.0,59.209999084472656,39.630001068115234,28.90380096435547,3094.080078125,667.9299926757812,55.83000183105469,164.35000610351562
2021-04-01,224.36000061035156,143.92999267578125,84.30999755859375,219.6999969482422,106.5999984741211,39.65999984741211,111.9800033569336,20.110000610351562,14.5,59.130001068115234,40.13999938964844,29.84577751159668,3161.0,661.75,55.86000061035156,162.8300018310547
